ejecucion_utc,cierre_fecha,cierre_usd,sma50,sma100,sma150,sma200,peso_anterior,peso_objetivo,accion,cantidad_btc,precio_ejecucion_usd,comision_usd,efectivo_usd,btc,precio_valoracion_usd,capital_usd,capital_al_cierre_usd,modelo_al_cierre_usd,diferencia_vs_modelo_pct,nota
2026-09-23T10:22:25Z,2026-09-22,86193.99,74125.43,68713.86,70450.62,70675.88,,1.0,compra,0.000269817,85768.69,0.057855,0.000296,0.000269817,85769.51,23.1424,23.2569,23.1421,0.5,
2026-09-24T11:53:07Z,2026-09-23,84382.3,74531.82,68894.85,70488.75,70761.45,1.0,1.0,mantener,,,,0.000296,0.000269817,83381.09,22.4979,22.7681,22.6557,0.5,
2026-09-25T11:56:09Z,2026-09-24,84385.74,74927.63,69082.63,70535.57,70853.53,1.0,1.0,mantener,,,,0.000296,0.000269817,84592.39,22.8248,22.769,22.6567,0.5,
2026-09-26T11:30:31Z,2026-09-25,84085.5,75324.18,69279.1,70587.34,70931.76,1.0,1.0,mantener,,,,0.000296,0.000269817,84157.5,22.7074,22.688,22.576,0.5,
2026-09-27T12:09:08Z,2026-09-26,84411.43,75714.5,69494.43,70645.04,71004.05,1.0,1.0,mantener,,,,0.000296,0.000269817,84938.7,22.9182,22.7759,22.6635,0.5,
2026-09-28T14:04:18Z,2026-09-27,84457.95,76105.75,69704.12,70699.38,71075.35,1.0,1.0,mantener,,,,0.000296,0.000269817,83388.68,22.5,22.7885,22.676,0.5,
2026-09-29T12:59:59Z,2026-09-28,83454.24,76477.65,69896.24,70734.17,71139.98,1.0,1.0,mantener,,,,0.000296,0.000269817,84308.31,22.7481,22.5177,22.4066,0.5,
2026-09-30T12:42:11Z,2026-09-29,83630.32,76871.92,70100.07,70767.06,71203.49,1.0,1.0,mantener,,,,0.000296,0.000269817,84845.23,22.893,22.5652,22.4538,0.5,
2026-10-01T13:25:36Z,2026-09-30,83562.55,77272.66,70296.34,70800.33,71265.2,1.0,1.0,mantener,,,,0.000296,0.000269817,83480.65,22.5248,22.5469,22.4356,0.5,
2026-10-02T12:44:04Z,2026-10-01,84844.71,77701.32,70518.3,70833.57,71325.34,1.0,1.0,mantener,,,,0.000296,0.000269817,86440.89,23.3235,22.8928,22.7799,0.5,
2026-10-03T11:44:43Z,2026-10-02,84503.07,78122.8,70753.65,70857.6,71373.4,1.0,1.0,mantener,,,,0.000296,0.000269817,84650.18,22.8404,22.8007,22.6882,0.5,
2026-10-04T12:28:26Z,2026-10-03,84744.49,78558.13,71004.08,70879.59,71427.43,1.0,1.0,mantener,,,,0.000296,0.000269817,85271.4,23.008,22.8658,22.753,0.5,
2026-10-05T14:49:41Z,2026-10-04,86515.34,79027.97,71269.1,70923.06,71503.75,1.0,1.0,mantener,,,,0.000296,0.000269817,85653.91,23.1112,23.3436,23.2284,0.5,
2026-10-06T13:23:11Z,2026-10-05,85755.21,79486.02,71527.12,70960.17,71582.95,1.0,1.0,mantener,,,,0.000296,0.000269817,86065.79,23.2223,23.1385,23.0243,0.5,
2026-10-07T13:31:42Z,2026-10-06,85551.35,79907.34,71787.87,70992.81,71658.18,1.0,1.0,mantener,,,,0.000296,0.000269817,83319.03,22.4812,23.0835,22.9696,0.5,
2026-10-08T13:37:41Z,2026-10-07,83280.89,80279.24,72019.03,71000.03,71729.98,1.0,1.0,mantener,,,,0.000296,0.000269817,82086.75,22.1487,22.4709,22.36,0.5,
